ts,p0,p1,p2,p3
0.7789140,3.0799488,171.0654599,153.3582008,129.5677455
0.7878910,13.8325136,172.0427157,154.6763327,130.2957111
0.8038750,30.8663634,170.9930284,154.1027036,129.5295018
0.8447370,48.9808482,171.3614669,154.0287770,129.9219161
0.8706670,64.3350373,170.7748242,154.0166352,129.4067913
0.9075680,74.5395701,170.4698816,153.2889972,129.2926532
0.9394800,78.5049976,169.6732603,152.3330978,128.5044154
0.9713940,76.1751092,166.6830123,149.0105079,124.2434326
0.9993190,68.3112919,167.7919335,149.7777393,125.2883850
1.0352230,56.3050870,167.7652324,150.0132530,124.9573150
1.0631480,41.7736917,167.7345807,149.6548857,124.5351698
1.1000480,26.2324736,167.8201414,149.7696155,124.7315054
1.1309640,10.9859138,167.8133310,149.9065792,124.7767225
1.1638750,-3.0351893,164.9404458,146.3450740,122.3671941
1.1947920,-15.2416664,166.2278568,148.3114614,124.3966078
1.2436600,-25.2123156,166.0323625,148.1573838,124.6274911
1.2755740,-32.7842033,166.4712683,148.2708262,124.9404964
1.3074880,-38.0626960,166.3148340,148.6884509,125.1606155
1.3384040,-41.3028413,166.3174957,148.5324185,124.8696398
1.3713140,-42.8623470,166.1016455,148.5695920,124.6446692
1.4032290,-43.1466824,165.4546392,147.5692440,124.2159794
1.4361390,-42.5293460,165.8669846,148.3389860,124.6391097
1.4640650,-41.2951720,165.9021796,147.9164778,124.5637315
1.4989710,-39.6627285,166.2186128,148.3920983,124.9689201
1.5318820,-37.7883619,166.3192916,148.3822215,125.4564993
1.5627980,-35.7774957,166.0876432,148.3158625,125.3939604
1.5957090,-33.7049769,165.9781185,148.1168160,124.8190903
1.6396220,-31.5878008,166.2468431,149.0838955,125.1994465
1.6715350,-29.4104948,165.6883362,148.5394511,125.1662093
1.7044470,-27.1711353,166.6939986,149.1498604,125.2231333
1.7403490,-24.8769154,166.1759810,148.4698488,125.2663496
1.7722640,-22.5364976,166.0959441,149.1068507,125.1104294
1.7991910,-20.1662186,165.8008918,148.1083862,125.0523066
1.8301070,-17.7900585,166.2663551,148.7248183,125.8028730
1.8660100,-15.4205139,165.7795208,148.2411653,125.5864506
1.8989220,-13.0694683,166.4950581,148.5906017,125.7849835
1.9308350,-10.7580818,165.8355856,148.2245322,125.1645877
1.9637460,-8.5182010,166.4241588,148.0712683,125.2205349
2.0106200,-6.3772392,165.7458497,148.2806777,124.8009584
2.0425340,-4.3353615,166.2484175,148.7402908,125.1040205
2.0744470,-2.3870095,166.2341091,149.0265717,125.4565821
2.1023720,-0.5572962,165.9313844,148.5131556,125.4904557
2.1342850,1.0843516,164.9312014,147.5279170,124.1396716
2.1711860,2.4742752,164.8812651,147.2431732,124.1078465
2.1981130,3.6103584,164.8454198,147.3422970,124.5695697
2.2350140,4.5598580,166.3512625,148.6679350,125.2886544
2.2669280,5.3883012,165.8571429,147.9698701,124.8114286
2.2938550,6.1036679,165.7952405,148.5404896,125.6106831
2.3307550,6.6925533,165.7600412,147.8501545,124.8250944
2.3626690,7.1297301,165.4642183,147.6203878,124.1863738
2.4105400,7.3975022,164.8788963,147.4368932,123.9945495
2.4424540,7.5285367,166.2990670,148.4485142,125.0763649
2.4753650,7.5763246,165.6117260,148.3460740,124.8249741
2.5072790,7.5440032,165.2968076,147.7523727,124.3351165
2.5381950,7.4101263,165.8318143,148.0779020,124.6502150
2.5661200,7.1874005,166.1266020,148.1293731,124.4582612
2.6020230,6.9165688,167.0610910,149.1984168,125.6804337
2.6309450,6.6182163,165.9036450,148.2310159,125.1257172
2.6668480,6.2462486,165.2818560,147.4710873,124.0434557
2.7007560,5.7794682,165.9655584,148.4446718,125.1150895
2.7306760,5.2796741,166.0345658,148.9389510,125.3730009
2.7625890,4.7670025,164.8992156,147.5064802,123.7218622
2.8104600,4.2157495,166.2451329,148.3974945,124.5266633
2.8423740,3.6348967,165.0996097,147.4968607,124.1089428
2.8742880,3.0462781,165.7910901,148.3148836,124.9389133
2.9062020,2.4904025,166.1427334,148.5698943,124.7533345
2.9391130,1.9940458,166.0161207,148.3033785,124.9012176
2.9700290,1.5434456,166.1617874,148.3285396,124.9118302
3.0029400,1.1439541,166.8086108,149.1234094,125.3493115
3.0338570,0.8000384,166.0202175,148.3076792,125.1963982
3.0677650,0.4745767,165.9335634,148.1660052,124.5875755
3.0946930,0.1265842,165.6338467,147.3687489,123.2785949
3.1305960,-0.2481824,165.6952511,147.9086095,124.2405193
3.1635070,-0.5984788,165.7175325,148.6411483,123.9495899
3.2083970,-0.8648591,166.6441263,148.8540624,124.5646024
3.2443000,-1.0457376,165.9939024,148.4356369,124.6048442
3.2762140,-1.1837438,165.1494620,148.0257229,123.9966375
3.3071300,-1.3148884,165.3052080,147.9141021,123.8900913
3.3390440,-1.4229663,166.5656514,149.0082602,124.5498193
3.3719550,-1.4737788,166.0864534,148.5553097,124.2477876
3.4038690,-1.4639258,166.9380652,149.3255417,125.2661662
3.4357830,-1.3991514,166.4668372,149.1275362,124.7495311
3.4657020,-1.3150155,166.6441821,148.3843170,124.4094435
3.4998670,-1.2746429,165.3476271,147.7879661,123.3440678
3.5317820,-1.2743817,166.4825331,149.2591637,124.9390811
3.5636950,-1.2771449,165.0781570,147.7943686,123.4585324
3.6105680,-1.2991800,165.6947458,148.0183051,123.8032203
3.6444770,-1.3256355,166.5905785,148.8056806,124.4570488
3.6753940,-1.3234167,165.6172217,147.7981837,123.4562731
3.7083040,-1.3047323,166.2201537,148.2555081,124.3210931
3.7392210,-1.2927510,164.6921401,146.8438076,123.0137422
3.7721320,-1.3106745,164.3112047,147.1506318,122.6239259
3.8050430,-1.3409059,164.8464310,147.1794784,123.0116678
3.8359910,-1.3356559,165.5444425,147.6504538,123.6240795
3.8669080,-1.2430048,166.1548354,148.7271948,124.5675583
3.8997880,-1.0622640,165.1444313,147.1183251,123.1178166
3.9317010,-0.8404235,166.7757106,148.5863910,124.4401378
3.9636580,-0.5731666,166.0455631,148.6866894,124.1150171
4.0127520,-0.2830587,165.6647815,147.6527849,123.5605827
4.0436680,-0.0305657,165.9511816,148.3115405,123.9475591
4.0755820,0.1720268,165.5443362,147.9473774,123.9321715
4.1074960,0.3228568,165.2254851,148.0377812,123.7405118
4.1394100,0.4423023,166.6709813,149.0795872,124.8521952
4.1733180,0.5523066,166.0523406,148.1013992,124.0882709
4.2032380,0.6310494,166.9635307,148.4781536,124.3090204
4.2381430,0.6663588,165.5893595,148.1379132,123.6311983
4.2680630,0.6713402,166.5620222,148.6853718,124.0793954
4.2999760,0.6533889,166.0296875,147.9637153,123.5690972
4.3338850,0.6006051,165.8643864,147.9384668,123.9058096
4.3657990,0.5177390,166.1004685,148.1671005,124.3295159
4.4116750,0.4259002,165.9036999,147.8580567,123.9617911
4.4455830,0.3308133,166.1947423,147.8853338,123.8241093
4.4755020,0.2493026,166.3416725,148.3675647,123.6315605
4.5094110,0.2096542,165.9895416,148.5328569,124.1199233
4.5433190,0.2159926,165.8191103,148.4652934,123.5868098
4.5712440,0.2541436,166.7882537,148.6915301,124.4254096
4.6041550,0.3104415,166.2919620,148.6084702,123.6532411
4.6350710,0.3612800,165.8889667,148.3043783,124.5014011
4.6679830,0.3892039,166.1784168,148.6615278,123.6710549
4.7038860,0.3813903,165.5452178,147.7229648,123.4641555
4.7318100,0.3361924,166.5202773,148.8116118,124.0405546
4.7657190,0.2981516,166.4862134,149.1397500,124.2202432
4.8135890,0.2902144,166.2967111,148.7288889,123.9852444
4.8435090,0.2895703,166.8319149,148.9191489,124.2833333
4.8754230,0.2655817,166.1790069,147.9229546,124.1869588
4.9123230,0.1969937,166.5929235,148.4559468,123.7348047
4.9412770,0.0955034,165.8650026,148.0272456,123.9045526
4.9711640,-0.0053673,166.6978417,148.9894718,124.1477452
5.0040750,-0.0882073,165.9134291,147.8603867,123.4993791
5.0359890,-0.1540510,166.8444130,148.9782532,124.4639321
5.0698970,-0.1850368,166.9018233,148.6782959,124.1823282
5.0998170,-0.1834114,166.5812274,148.4966478,124.0594808
5.1337250,-0.1691870,166.9565295,148.7906317,124.4929028
5.1686540,-0.1731193,165.3050407,147.2094232,123.2021479
5.2115380,-0.2173409,166.1562718,148.6376307,123.9853659
5.2424550,-0.2618223,166.5631269,148.2870979,124.1035974
5.2793550,-0.2880246,165.9251393,148.0757312,123.1772284
5.3072800,-0.2928617,166.7369810,149.0156580,123.5830401
5.3411880,-0.2530309,166.8072798,148.7016001,123.6819061
5.3721060,-0.1742541,166.9380187,149.0418506,124.2459827
5.4040370,-0.0747557,166.7781311,148.9224519,124.1966084
5.4389420,0.0233218,165.8793134,148.7598529,124.1835698
5.4698590,0.0916147,166.5671926,148.4993931,124.3117739
5.5017730,0.1274375,167.1997551,149.0934056,124.3835928
5.5336860,0.1417798,166.5726451,148.5133820,123.8303789
5.5636050,0.1375032,167.4929332,149.0867213,124.4866515
5.6124740,0.1271866,167.0648968,148.9373590,124.0013882
5.6483770,0.1161909,166.6667260,148.9048043,124.1270463
5.6753170,0.0992395,166.3867608,148.9237423,123.6730803
5.7092260,0.0754094,166.0124496,148.7987024,124.3584079
5.7391450,0.0540046,166.9109855,149.3428117,124.7265984
5.7710590,0.0496860,166.5885664,149.1317502,124.4446790
5.8049680,0.0428327,165.6967515,148.4391572,124.1102722
5.8358840,0.0005788,165.5188115,148.4353024,124.1541842
5.8697920,-0.0879218,165.5041925,147.7630332,123.1316077
5.9007090,-0.2285169,164.5808287,147.3951627,122.7890806
5.9316250,-0.3941004,165.3681239,148.1349727,123.8357013
5.9636750,-0.5119850,166.1666360,148.7827846,124.4997241
6.0115170,-0.5486069,165.7962136,148.0732274,124.6068941
6.0436750,-0.5252560,165.9258667,148.5486222,124.4885333
6.0785810,-0.4592575,165.4306440,148.2315994,124.0948337
6.1114920,-0.3613288,166.0374572,148.6490185,124.5759049
6.1394170,-0.2587262,165.5166667,147.6439068,123.8155914
6.1743230,-0.1848574,166.0077163,148.0424398,124.1065589
6.2032440,-0.1505338,165.1730561,147.4182640,123.2264014
6.2371530,-0.1329659,165.5767650,148.6470063,124.3680071
6.2680700,-0.0668131,166.6883117,149.6011905,124.8717532
6.2999840,0.0790538,166.6797933,149.1026372,124.6623307
6.3348890,0.2685304,167.5028129,149.6694796,125.9335443
6.3658060,0.4750487,167.4771277,149.8540780,125.4797872
6.4116820,0.6755959,167.4882001,149.7449806,125.2810849
6.4455900,0.8443775,167.8259233,150.2081391,125.8090714
6.4755090,0.9775025,167.7103412,150.4094267,125.8075976
6.5074230,1.0659200,167.6560348,150.1520478,125.7511780
6.5423290,1.0786779,168.1376445,149.6486633,125.4490607
6.5722480,0.9942005,167.0855912,149.5639691,125.0290687
6.6041620,0.8259830,167.3928507,149.5735692,125.6990431
6.6360760,0.5920797,166.8186353,148.7922679,124.8147158
6.6689870,0.3229778,167.3850544,149.8521491,125.1011236
6.7018980,0.0839473,167.1009684,149.8803802,125.5638451
6.7298230,-0.0946983,166.5535937,149.6067416,125.6140539
6.7657260,-0.2326581,167.1685633,149.3154339,125.7807610
6.8126000,-0.3365990,167.1390622,149.8322339,125.7177750
6.8435160,-0.3915046,167.4271931,149.8534929,125.9170984
6.8754290,-0.4014568,167.2727758,149.6548043,125.5839858
6.9093380,-0.3865340,167.6145964,149.8040626,126.1051591
6.9392570,-0.3548696,167.4268753,149.8713797,125.5713258
6.9732050,-0.3228992,167.3564303,149.3101759,125.1663341
7.0051200,-0.3314968,166.4605452,148.5774749,124.7200502
7.0380300,-0.3822829,167.5635389,149.7202860,125.6237712
7.0709410,-0.4336445,166.9292004,149.0413297,125.3814915
7.0998630,-0.4773437,167.3323854,149.1375755,125.1964095
7.1327740,-0.5118709,167.1956716,149.3038812,125.3303524
7.1636910,-0.5293493,166.7124464,148.9000358,125.3558655
7.2125580,-0.5296343,167.2920495,149.3901060,125.4342756
7.2455050,-0.5000931,167.6324392,149.3680938,125.9642921
7.2784160,-0.4395380,166.8035746,149.3266678,125.4539020
7.3093320,-0.3575359,167.0314590,149.5516182,125.5606581
7.3412460,-0.2699341,166.8715241,148.9628652,124.9927842
7.3711660,-0.2388909,164.6915739,147.2273450,123.6988165
7.4030790,-0.2959212,166.3341575,148.6156835,125.1600141
7.4379850,-0.3708998,166.7541272,148.7107482,125.3085704
7.4679040,-0.4121437,166.3749123,148.3928070,124.8963158
7.5028100,-0.4090042,166.8838241,149.2529266,125.8373537
7.5317320,-0.3728661,164.8982152,147.5495671,123.5978088
7.5636460,-0.3505997,165.8121684,148.0565971,124.6093031
7.6115170,-0.3325666,166.0948645,148.5729315,124.6688659
7.6444280,-0.2727820,166.9225553,148.7990721,125.6563169
7.6753440,-0.1649974,166.0057783,148.7574856,124.9880932
7.7112470,-0.0411515,166.3682796,148.1571685,125.0048387
7.7401690,0.0700097,166.0300739,148.7296870,125.6088639
7.7720830,0.1609822,165.9149709,148.0535974,124.3851744
7.8059910,0.2100927,165.5412744,147.7956191,124.4227009
7.8359110,0.2133711,166.1111706,148.1975375,124.9006067
7.8678250,0.2332377,167.5642831,149.7889130,126.7257133
7.9007530,0.3317442,166.8273788,149.5880792,126.6085957
7.9316690,0.5045952,167.6446457,150.2422305,127.1312378
7.9665750,0.7079873,166.8041273,149.6257433,126.1484785
8.0134490,0.8962007,167.9655052,150.2344598,127.4673437
8.0433680,1.0306627,167.0386147,149.2976623,126.4514286
8.0772770,1.0791122,166.2684927,149.6446267,126.7055129
8.1081930,1.0515752,167.1276708,150.0045534,127.8432574
8.1371150,0.9872029,167.1698645,150.2048935,127.9167400
8.1760100,0.9001086,166.3311958,149.9324090,127.1731369
8.2039350,0.7856472,166.3300747,149.9292570,127.1734803
8.2368460,0.6709974,167.7399965,151.1466596,128.7662612
8.2677630,0.5922964,167.0491687,150.5542978,128.4260700
8.2996770,0.5204759,166.9114593,150.0054568,127.8690371
8.3345820,0.4091198,166.7258721,149.8347795,128.0573756
8.3635040,0.2731334,167.3281690,150.7598592,128.7330986
8.4124720,0.1531730,166.4155913,150.4129397,128.5997879
8.4463810,0.0473190,166.0507209,150.1611951,127.6428696
8.4763000,-0.0645630,166.4950837,150.0788339,127.9604968
8.5092110,-0.1813064,166.2738281,150.1363086,128.0512022
8.5411250,-0.2934971,166.7294568,150.0447423,127.5337744
8.5730390,-0.3892176,166.3735683,150.3342731,128.0674890
8.6059500,-0.4422234,166.8381944,150.9560764,128.0038194
8.6358690,-0.4332637,167.2972787,150.8849466,128.7201171
8.6677830,-0.3923192,166.5916961,150.1738516,127.8710247
8.7046840,-0.3695199,166.4310707,150.1233380,127.6850945
8.7316110,-0.3804285,166.7427771,150.0759937,128.0033269
8.7655190,-0.4419184,165.9884575,148.7413431,127.1470794
8.8123930,-0.5550704,166.7149107,150.0252013,127.8437172
8.8433090,-0.6616956,166.3855677,149.8001415,127.6384860
8.8792390,-0.7182358,166.8043211,150.2046373,127.5162480
8.9121230,-0.7240580,166.7899439,149.7603364,127.3135950
8.9400480,-0.6940864,166.4134835,149.9216687,126.8354163
8.9739570,-0.6349779,167.3534045,150.0880448,127.9602661
9.0048730,-0.5411737,167.2322760,150.3283065,128.1488993
9.0367870,-0.4267555,166.6151023,149.8087747,127.1658801
9.0687010,-0.3113240,166.8040306,150.4035789,127.1506254
9.1016120,-0.2116605,166.3130297,149.3848870,126.5481992
9.1335250,-0.1351013,166.9496021,150.5915119,127.6829355
9.1634450,-0.0756916,166.4686795,149.3711609,127.1795940
9.2113150,-0.0475217,166.4263456,149.8018768,127.0138102
9.2432290,-0.0394055,166.6745126,150.1582645,127.4292991
9.2801300,-0.0260484,166.2612692,149.7744387,127.0744211
9.3080540,-0.0149935,166.3983740,149.8067808,127.1036153
9.3429600,-0.0173746,166.2279386,149.4237879,127.3934426
9.3718820,-0.0315732,166.3339655,149.7927586,127.5141379
9.4037960,-0.0523759,165.2025406,149.1843684,126.2321807
9.4367070,-0.0699500,166.4987881,150.0360111,127.2222992
9.4676230,-0.0692485,166.2795793,149.3852761,126.9027169
9.5005350,-0.0421084,166.7770503,150.3304618,127.1228463
9.5324490,0.0302050,166.8276105,150.4625814,128.0625110
9.5653590,0.1404094,166.3155016,150.0393095,127.1669800
9.6092410,0.2300079,165.8088743,149.2185773,126.6467541
9.6461410,0.2671649,166.3786184,149.9657254,126.9495649
9.6750640,0.2847766,166.6172324,150.3028721,127.4630113
9.7089720,0.3008252,166.6977848,149.6323840,127.0356892
9.7398880,0.2979376,166.4396880,149.9714038,127.3625650
9.7718020,0.2921989,167.5822631,150.5409580,128.2311697
9.8077050,0.2895189,166.4080520,149.4187764,127.3138186
9.8356300,0.2367625,166.1417678,148.6573657,126.3980936
9.8685410,0.1414165,167.5363938,150.5601327,128.1157270
9.8994580,0.0889341,167.5417695,150.4296792,127.9656327
9.9313710,0.0854455,166.4748239,149.5526408,126.9022887
9.9652800,0.0930512,167.0119543,150.4721067,127.6673597
10.0151450,0.1026220,166.6617544,149.3924561,126.7277193
10.0410750,0.0949394,166.9748779,149.8778786,127.3339149
10.0779750,0.0576252,166.6574624,149.1087033,126.5894792
10.1078950,-0.0078921,166.5377408,149.5170918,126.8568454
10.1398080,-0.0761380,166.3221757,149.7998605,127.0394003
10.1747270,-0.1059466,167.2643879,150.3188001,127.2795605
10.2056430,-0.0856009,166.7210026,150.0041487,126.7171997
10.2365590,-0.0285670,167.5624026,150.4407132,127.6016964
10.2674760,0.0516412,166.7791738,150.2650602,127.5444062
10.2993900,0.1252379,165.8496528,149.7369792,126.3993056
10.3333360,0.1684943,167.0458419,150.3104976,127.8597478
10.3642530,0.1995152,167.0166867,150.5202133,127.3058662
10.4121240,0.2204113,166.3024808,149.8331908,126.7146279
10.4470300,0.2091124,166.9110038,150.0969300,126.8452915
10.4759510,0.1737043,167.1355991,150.2422403,127.0058956
10.5088620,0.1536062,167.8250693,151.1948682,127.9606449
10.5387830,0.1671913,166.9070820,150.4139551,127.2810162
10.5706960,0.1718329,167.3075459,149.8459675,127.4582901
10.6056010,0.1251756,167.1659501,149.7908856,127.5783319
10.6355200,0.0396895,166.6898506,150.0819165,127.2052207
10.6664370,-0.0657588,166.1954466,149.3749562,126.6429072
10.7053330,-0.1796162,167.3471458,150.0686039,127.3452545
10.7312630,-0.2673623,167.1239845,150.1543624,126.9447192
10.7641730,-0.2987789,167.3550286,150.5604985,127.7754890
10.8080550,-0.2851647,167.1091253,149.7618147,126.7815776
10.8429610,-0.2621628,166.7590656,149.9466527,126.7733612
10.8768690,-0.2440669,166.8446419,149.8586566,127.0099128
10.9107780,-0.2162750,167.2010916,150.4753539,128.1125704
10.9406970,-0.1783765,166.0680836,149.5816485,126.3030931
10.9716130,-0.1684606,166.4114915,149.1794254,126.2628591
11.0025300,-0.1869186,166.9298004,150.2962836,126.9544047
11.0344440,-0.1993185,166.2158286,149.3808536,126.0533955
11.0683520,-0.2173526,166.5991431,149.3480720,126.5072836
11.0982710,-0.2415847,167.0409317,149.8578524,127.1072101
11.1321800,-0.2468512,166.8676496,149.5908066,126.4421509
11.1630960,-0.2257188,167.0981382,150.0135723,127.0861319
11.2109670,-0.1814263,166.5536694,149.6203704,126.9353567
11.2428810,-0.1244247,167.1338610,149.9346180,126.8979697
11.2777860,-0.0564894,166.6908588,150.0165889,127.2752722
11.3067090,0.0240539,166.8796759,150.1173936,127.5140493
11.3416150,0.1111373,167.1396831,150.2059938,127.0835343
11.3705360,0.1950862,166.5759559,150.1291767,127.2407854
11.4034480,0.2564321,166.7385298,149.7873103,126.8944227
11.4363590,0.2902339,167.5306368,150.4191050,127.8802065
11.4672750,0.2978120,166.6363479,149.4425039,126.1464638
11.5001860,0.2541820,166.1082064,149.2645429,126.3421053
11.5321000,0.1616150,166.4680338,149.6327762,126.9381354
11.5630170,0.0653700,167.0822904,149.8894223,127.4692268
11.6099020,-0.0072839,166.6715797,149.6460898,126.9365355
11.6468030,-0.0478557,167.1330818,150.1821300,126.7830561
11.6747270,-0.0520508,167.0807653,149.7980020,127.0833051
11.7116280,-0.0408929,166.8097187,149.5428815,127.2288150
11.7465590,-0.0334834,166.9407318,149.7842295,127.2221268
11.7714930,-0.0142505,167.4092484,150.2649809,127.2563214
11.8063720,0.0383416,167.4095156,150.4422145,127.3982699
11.8362910,0.1189814,167.2168508,150.3126727,127.2444751
11.8682040,0.1964195,167.3694939,149.9799620,127.4460183
11.8991210,0.2546116,167.4339461,150.6067686,127.3920289
11.9300380,0.2844512,166.4850498,149.5006120,126.4005945
11.9649440,0.2743932,167.2176193,150.4581367,127.1758434
12.0088250,0.2522531,167.1059979,150.5049983,127.9986212
12.0417360,0.2484613,167.7832889,150.8542222,128.2124444
12.0756450,0.2630302,167.4008229,150.6854106,127.6051774
12.1105510,0.2599209,166.5056239,149.6168717,126.5246046
12.1374780,0.2101068,167.2435657,150.4634396,127.6361002
12.1723840,0.1587018,167.6099656,151.2012027,127.2719931
12.2013050,0.1505767,167.5672896,150.9994857,128.0492028
12.2362110,0.1600255,167.2039792,150.3866782,127.7224913
12.2651330,0.1647522,168.3163929,151.3904860,128.6204654
12.2990410,0.1750321,167.6074302,150.7782914,127.8445472
12.3289610,0.1772494,167.4946052,150.8357595,128.1279329
12.3608750,0.1509438,167.2840988,150.5438413,128.1490953
12.4097430,0.1047432,167.5869415,151.1539661,127.5891929
12.4436510,0.0486433,166.7824225,150.3652561,127.4205928
12.4735710,-0.0375732,167.3541057,150.0397659,127.4603202
12.5075020,-0.1578852,166.8619796,150.3556746,127.2617032
12.5414110,-0.2743817,167.1387876,150.5999653,127.4010769
12.5683380,-0.3525343,167.4437522,150.7779508,127.7545864
12.6022460,-0.3869993,167.1883117,150.5138414,127.5013671
12.6331620,-0.3814630,167.3147575,151.1026832,128.0247678
12.6650760,-0.3412356,167.4372093,150.5402239,127.7562446
12.6999820,-0.2916115,167.3618387,150.5866435,127.6426713
12.7299020,-0.2364698,168.4893140,151.2607721,128.4496725
12.7588230,-0.1584669,168.0618326,151.1181536,128.0866345
12.8076910,-0.0537384,168.5028385,151.8257354,128.9446069
12.8425970,0.0781257,168.6900433,151.8070996,128.6419048
12.8735140,0.2073429,167.8087785,151.1874787,128.2460020
12.9044300,0.2859660,167.8119643,151.1486116,127.7913953
12.9373410,0.3049728,168.0512422,151.3488613,128.5172533
12.9682580,0.2669391,167.5038587,150.5191219,127.8413651
13.0021660,0.1684369,167.4175026,150.8448634,127.8209962
13.0330830,0.0370286,167.5360967,150.8841105,128.0459413
13.0669910,-0.0657355,168.6567293,152.2007582,128.5678098
13.0979080,-0.1203716,167.1861145,150.3796185,127.3119093
13.1298220,-0.1638528,168.5858273,151.3880289,127.7882697
13.1657250,-0.2128423,167.0930833,150.2620440,127.8024776
13.2096060,-0.2713211,167.6044398,150.8187380,128.0505156
13.2435150,-0.3161206,168.0551100,151.2951715,128.4753455
13.2724360,-0.3297172,166.7518563,150.4232430,127.3899154
13.3053480,-0.3291284,167.1020304,151.1083433,127.2480805
13.3392560,-0.3387623,166.2364261,149.4317869,126.3890034
13.3711700,-0.3888394,166.8880000,150.0903830,127.3428085
13.4021130,-0.4570948,166.7458005,150.1604388,126.9737744
13.4340000,-0.5103762,166.6082775,149.7989009,126.8914649
13.4669110,-0.5739782,165.2314783,148.6002048,125.4598839
13.4988250,-0.6712261,165.6447479,148.9907267,125.8207722
13.5277470,-0.7919637,164.6542572,147.9300241,125.3910720
13.5616560,-0.9361252,164.6165182,147.5472927,124.7464016
13.6075320,-1.0922129,164.6951863,147.4886886,124.7999660
13.6437100,-1.2011609,165.1475608,148.3975177,125.5176694
13.6756230,-1.2139293,164.5531079,147.7682719,124.4885587
13.7115270,-1.1162738,165.8177602,148.9726898,125.6468568
13.7374560,-0.9026219,165.4950172,148.6395189,125.9565292
13.7693700,-0.5935437,166.2770097,149.2532855,126.2922000
13.8012840,-0.2209109,166.6026994,149.4334660,126.1316837
13.8322010,0.1463063,164.6659363,147.8172931,124.3783920
13.8671060,0.4216145,165.3836402,148.3565474,125.4513720
13.8970260,0.5823747,164.6974157,147.5897655,125.3215814
13.9289390,0.6509482,165.2623091,148.4595986,125.7531309
13.9638460,0.6989630,166.2746212,149.6573691,127.0933196
14.0127140,0.7690150,165.7186487,148.3379969,125.2825456
14.0416360,0.8130689,164.9127310,148.2390486,124.9780972
14.0755440,0.8229753,165.4873331,149.2536802,125.5638480
14.1064600,0.8211495,164.9350605,148.0247145,124.8547810
14.1393710,0.7747418,164.6324003,147.7966073,125.0452926
14.1722830,0.6658019,164.5438358,147.6752586,124.9028319
14.2012040,0.5203456,164.7376909,147.7371762,124.5935838
14.2341150,0.3465203,163.2798904,146.5777664,123.9576910
14.2650320,0.1393648,163.5616114,146.8720379,123.9549763
14.2969460,-0.0730533,163.6830099,146.6627511,123.9123255
14.3308540,-0.2749196,162.3901561,145.7041674,122.5174070
14.3607730,-0.4683198,162.9532392,146.0494814,122.8586975
14.4096800,-0.6128217,163.2373374,146.5029090,123.4038330
14.4445850,-0.6836309,162.3339715,145.5777932,122.4470936
14.4735070,-0.7086715,162.5653680,145.5409524,122.8187013
14.5054210,-0.7212877,161.6717743,144.5908062,122.1016890
14.5363370,-0.7224840,162.2474800,145.6174835,122.4268335
14.5692500,-0.6902711,161.6631778,144.7553191,121.9329101
14.6051520,-0.6253735,161.8809442,145.1630174,122.2398221
14.6330770,-0.5359264,162.0959022,144.7682507,122.2136708
14.6629960,-0.4453565,161.2186374,143.9986271,121.3722327
14.7028880,-0.3697536,161.8736283,144.7659465,121.9718793
14.7298150,-0.2847482,162.2295334,144.4799180,121.8104598
14.7617290,-0.1544101,162.4027683,145.8796992,122.1365345
14.8116140,0.0565212,162.8979071,145.9727752,123.0905224
14.8415330,0.3221886,162.2353648,145.3078112,122.1430043
14.8734810,0.5624569,161.8284590,144.9043954,122.3061399
14.9083870,0.7556392,163.0312984,146.2483233,123.3270851
14.9373090,0.9268366,162.3427888,145.6387560,122.2911825
14.9712170,1.0612033,162.3905366,145.6847248,122.4846563
15.0001390,1.1266995,162.2672237,145.1671214,122.7996248
15.0340480,1.1304077,163.0375850,146.1403061,123.2938776
15.0699510,1.0849927,161.8488352,144.7501294,121.6507334
15.0978750,0.9878049,162.7401003,145.7615425,122.7881722
15.1307870,0.8690994,162.0048085,145.5631118,122.4530311
15.1636980,0.7495192,162.6408536,145.2743073,122.5690931
15.2095740,0.6261466,162.5088442,145.5385540,122.2122617
15.2414880,0.5119717,162.1530298,145.4609723,122.0424512
15.2773900,0.4238059,162.8311892,145.9603616,122.5596314
15.3073100,0.3623996,162.3597656,145.3035684,122.2356490
15.3402210,0.2896944,161.3829497,144.6381927,121.2046036
15.3721350,0.1910926,162.1958090,145.5250773,122.2095500
15.4010570,0.0965554,161.8195231,145.0344828,121.6476239
15.4369600,0.0128274,162.0869342,145.0949616,121.7807003
15.4648850,-0.0621925,162.6487547,145.1293074,122.2804504
15.4987930,-0.1239879,162.0500849,144.9607810,121.8684211
15.5297090,-0.1737890,162.1435209,145.0593702,121.7055584
15.5616240,-0.1969638,162.8270598,145.6310494,122.4381613
15.6067660,-0.1836891,162.8378332,145.1691729,122.0736500
15.6446640,-0.1576358,162.2340718,145.0637129,122.4535463
15.6725890,-0.1474579,162.0412513,144.7053970,121.7964936
15.7117280,-0.1558118,162.2747948,145.1619357,122.2318741
15.7376580,-0.1523454,162.1017353,145.6878190,122.6126233
15.7695720,-0.1257279,162.5146530,144.9299057,122.2123393
15.8034800,-0.1066658,162.0290478,144.9534204,121.8867308
15.8314050,-0.1128461,162.1768848,144.7492701,121.7054783
15.8663110,-0.1317511,162.4366535,145.2142980,122.2732728
15.8972280,-0.1450923,162.3341924,144.9652921,122.0159794
15.9291410,-0.1572672,161.8002398,144.6911084,121.4255611
15.9640620,-0.1676641,162.7654363,145.3396836,122.5599592
16.0115170,-0.1347723,163.2637307,146.2076178,122.7299779
16.0418520,-0.0504780,162.3888795,145.1135636,122.2407751
16.0757600,0.0406070,162.8462995,145.6655766,122.7531842
16.1056800,0.1431732,163.7424426,146.6617723,123.3935049
16.1375940,0.2719274,163.5421646,145.8716285,123.3530215
16.1725000,0.3710097,162.2510778,145.2578031,122.0182790
16.2014210,0.3991398,162.6042981,145.6938427,122.4042299
16.2363270,0.3933740,163.1490865,146.5629093,123.3355739
16.2652490,0.3933567,163.0467066,146.0917023,122.8249786
16.2971630,0.3703169,162.8828922,145.2407888,122.2829960
16.3320680,0.2953876,163.1350844,145.8193757,123.3518676
16.3610010,0.2074243,163.8347914,146.3755047,123.3751682
16.4089770,0.1469213,163.2894423,146.1833532,123.0276309
16.4428850,0.1142102,163.1573621,146.3975375,123.1806375
16.4738020,0.0969202,163.0337815,146.1042744,122.8566012
16.5057160,0.0789099,163.4145087,146.1159321,122.9777054
16.5386260,0.0467747,162.8972251,145.8614251,123.0073655
16.5685450,-0.0080247,162.7825565,145.7174435,122.9292324
16.6024540,-0.0738935,163.6003396,146.2677419,123.1235993
16.6333700,-0.1463993,162.2406426,145.0381131,122.3457529
16.6652840,-0.2365449,163.5049539,145.8746156,123.1142808
16.7031820,-0.3241989,162.5660770,145.5046826,122.2375997
16.7291120,-0.3990053,162.4117342,145.2847006,121.6462444
16.7630210,-0.4695618,162.5333793,145.2199413,122.4084871
16.8088970,-0.5318331,162.7242519,145.1141267,122.0880306
16.8408100,-0.5598940,163.2123592,146.0708433,123.2178218
16.8747190,-0.5291056,163.0319494,145.5228088,123.3570818
16.9086270,-0.4517196,162.8489691,145.9247423,122.8292096
16.9375600,-0.3372254,163.3685482,146.2019679,123.1460383
16.9716770,-0.2102085,162.9721694,145.1768366,122.1654278
17.0015970,-0.1195398,162.6998439,145.3958731,122.5188139
17.0335110,-0.0619523,163.4728055,145.9485370,123.3127367
17.0684480,0.0078776,163.6578813,146.5427648,123.4398912
17.0973690,0.1004553,162.9910458,145.9332658,122.5374219
17.1312770,0.2100913,164.1261293,147.3062891,123.4046213
17.1611960,0.3423205,163.6401989,146.5908078,123.4817356
17.2090680,0.4476845,163.3092555,145.7115779,122.5510587
17.2409820,0.4777292,163.2789438,146.3332769,122.5094787
17.2758870,0.4525471,163.1159933,146.1867003,122.9237374
17.3058060,0.3807264,162.5984238,145.4856947,122.0316944
17.3387280,0.2696667,163.6614806,146.4024620,123.2085827
17.3696800,0.1523344,162.7809345,145.7059730,122.4798905
17.4015940,0.0456972,163.5348482,146.2942174,123.7285060
17.4365000,-0.0418521,163.2687087,145.8063000,122.7426036
17.4654210,-0.1077984,163.2020495,146.1137489,122.7825790
17.4983320,-0.1550697,163.0250515,145.7791695,122.8706246
17.5292500,-0.1835451,163.0603774,146.1202401,122.7927959
17.5631570,-0.1750735,163.6106557,146.7513661,123.4716530
17.6090340,-0.1254524,163.4895994,146.0118618,122.6883273
17.6439390,-0.0597105,164.3619081,146.6615970,123.8620809
17.6738580,-0.0021552,162.9060034,145.6492281,122.1658662
17.7077670,0.0148150,163.2941176,145.7172676,122.7881663
17.7376860,-0.0139756,162.9969309,145.7877238,122.3427110
17.7696000,-0.0497155,163.9965529,146.5234402,123.4832816
17.8045060,-0.0676410,163.2295693,145.8411326,122.6197016
17.8354220,-0.0553506,164.7834234,147.2651924,124.1471978
17.8673370,-0.0733835,160.4135442,142.7036782,118.8320729
17.8992500,-0.2608254,159.8372330,142.7804340,118.3601221
17.9291690,-0.6224138,160.3034072,142.4126065,118.7792164
17.9640760,-1.0430420,159.9031368,142.6337470,118.6051362
18.0109490,-1.4029500,160.6765253,143.6092615,118.9741423
18.0418660,-1.6013319,161.2840380,143.7503020,119.7508197
18.0737800,-1.6158426,160.4124361,143.5846678,119.0764906
18.1066900,-1.4819999,161.2566492,143.5585296,120.0257496
18.1386040,-1.2276950,161.8809158,144.3420468,120.8001025
18.1735090,-0.8734650,161.5419652,144.1779256,120.1183896
18.2034290,-0.4547736,162.2319411,144.8846286,120.5676138
18.2343450,-0.0009377,162.1087773,145.1909153,120.9118852
18.2652620,0.4629548,163.0273066,145.6863976,121.8227612
18.2971750,0.9076718,163.2976903,145.9861420,122.1765612
18.3310850,1.3016056,163.0674447,146.0971340,121.5066072
18.3610030,1.6042661,163.5444407,145.7933423,122.0495100
18.4088910,1.7820531,162.8777931,145.8169474,121.3107597
18.4447940,1.8457479,164.0231928,146.5854071,121.7015405
18.4737160,1.8348373,163.6650799,146.5343421,122.1188371
18.5056300,1.7800403,164.7400716,147.2491904,122.9033578
18.5385410,1.6919035,164.0922685,146.5823280,122.3191164
18.5694580,1.5540933,164.4282251,146.5939394,123.2164502
18.6043630,1.3888529,165.2935154,147.9283276,123.6412969
18.6332860,1.2506654,165.5051195,147.7361775,123.4938567
18.6632040,1.1360990,165.1429784,147.5549329,123.2688062
18.7030970,1.0444715,166.6012583,149.1288896,124.7473219
18.7270320,0.9953032,165.9753149,148.3544433,124.1806265
18.7619370,0.9411771,165.6086287,147.8816983,123.6928608
18.8118030,0.8496675,166.7295866,149.0527844,125.0794329
18.8417220,0.7397482,166.1005444,148.3494386,123.9943858
18.8736360,0.6086484,166.9249019,148.8554361,125.0064857
18.9055500,0.4850038,167.5028971,150.1347989,125.2431834
18.9374640,0.4171468,167.7991094,150.1531084,125.8563110
18.9703750,0.3796971,167.3332765,149.4942862,125.6216954
19.0012910,0.3244761,167.5395548,150.0816781,125.9938356
19.0332050,0.2500155,167.7887783,150.1786205,125.7590940
19.0681170,0.1559505,167.5335941,149.8685151,125.6370131
19.0970390,0.0336209,167.3747440,150.2491468,125.6846416
19.1319440,-0.1026028,167.8005089,150.3620017,125.9190840
19.1608660,-0.2497435,167.7187873,149.8054846,125.8880940
19.2097340,-0.4080497,167.8192500,150.5465699,125.9179195
19.2406510,-0.5512410,167.5983888,150.4549194,125.7651697
19.2776350,-0.6840064,167.3064295,149.6217510,125.3820109
19.3055590,-0.8377905,167.2123711,149.6154639,125.2147766
19.3394680,-0.9871498,167.6772983,150.6443800,125.9351868
19.3693870,-1.0748266,167.8334190,150.6635818,125.9561268
19.4013000,-1.0984108,167.2500431,150.2522865,125.4633305
19.4342120,-1.0807343,168.1497708,150.8524367,126.3762948
19.4651280,-1.0376232,167.6520165,150.0239573,125.2664598
19.4990370,-1.0034150,167.3980117,149.9682893,125.6201577
19.5289740,-0.9992902,167.0845551,149.7207637,125.3153767
19.5588930,-1.0119408,167.5948586,150.1345330,125.5633248
19.6107530,-1.0117102,167.7419355,150.2625257,125.2577213
19.6446620,-0.9832832,167.7336199,150.1298366,125.8184007
19.6735840,-0.9369363,167.8998970,149.9483173,125.0188874
19.7074920,-0.8832631,168.0665770,150.0137861,125.7041022
19.7384090,-0.8411150,166.8622519,149.0556126,124.8292266
19.7693250,-0.8250690,167.5413521,149.6566575,125.2235758
19.8062250,-0.8298879,166.6446666,148.6508702,124.3806652
19.8331530,-0.8538137,166.4049122,149.0035818,124.4690432
19.8670610,-0.8910227,166.0764211,148.2608621,123.1348102
19.8969800,-0.9501654,165.3810179,147.5438446,122.9841816
19.9298920,-1.0336523,165.2985279,147.7553920,123.4768915
19.9648280,-1.1096949,165.2328106,147.4313286,123.0654834
20.0096760,-1.1617212,164.8799526,146.9730782,122.5733153
20.0415900,-1.1842399,164.3312725,147.1071613,122.2982998
20.0754980,-1.1658498,164.2415740,146.6855432,121.9295124
20.1054180,-1.1058428,164.1350189,146.6682147,121.6680427
20.1373310,-1.0120144,164.0666782,146.2405238,121.4253963
20.1722370,-0.8964439,164.2895415,146.1057874,121.3623562
20.2021570,-0.7760264,163.0327473,145.5074112,120.4641503
20.2360650,-0.6695034,162.7369868,145.2095860,120.2272805
20.2659840,-0.5619858,163.1708106,146.0389986,120.8491144
20.2978990,-0.4334798,162.2842288,144.8733102,119.7935875
20.3308100,-0.3200015,161.9574141,144.3458184,119.5460920
20.3607280,-0.2366918,162.8335319,144.8820426,120.3802553
20.4095970,-0.1608146,161.7640833,144.0942301,119.3110277
20.4435040,-0.1103123,160.8592101,143.2597889,118.8215867
20.4734240,-0.1079185,160.6258164,143.1302853,118.4602956
20.5073330,-0.1195290,160.9819433,143.7124678,118.8128977
20.5402430,-0.0748790,161.4099813,144.4586953,119.9187532
20.5691650,0.0471815,161.3986371,143.4008518,118.8400341
20.6020770,0.2120107,161.4534864,144.0281952,119.2358602
20.6329930,0.3893637,160.9406897,143.1274138,118.9272414
20.6659040,0.5680991,161.5548242,144.2539408,119.5723194
20.7028040,0.7545291,161.4041353,143.7047163,118.9458305
20.7297320,0.9504039,161.6888927,144.6107302,119.5428522
20.7626430,1.1337015,160.7493959,143.4093890,118.7521574
20.8087900,1.2419632,159.9944058,142.6890998,117.9442278
20.8407040,1.2608617,161.3941744,144.0339538,119.3047225
20.8736150,1.2592755,161.9785481,144.1293976,119.3802986
20.9085210,1.2679484,161.5794775,143.9402424,119.3206420
20.9374430,1.2642836,161.1660371,143.6401099,118.8119849
20.9713510,1.2334042,161.3032899,143.8348184,118.9734407
21.0012710,1.1632471,160.6796875,142.9050611,118.4301970
21.0331840,1.0312654,160.1401307,142.7525791,117.9052613
21.0670930,0.8769225,162.1227978,144.4010117,119.6228851
21.0970120,0.7716494,161.0254400,143.7659871,119.3335076
21.1309200,0.7150304,161.2874783,143.9295652,119.4052174
21.1618670,0.6881713,161.5665814,144.2134697,119.2533674
21.2097380,0.6900678,161.7037293,144.2575967,119.6628108
21.2386600,0.7029341,161.2347289,144.0669183,119.5452986
21.2735660,0.7123634,161.5972913,144.5779187,119.4992285
21.3034960,0.7104663,161.2198691,144.0249656,119.6067493
21.3393990,0.6936261,162.1148078,144.9431133,120.4507843
21.3703160,0.6786044,162.0406560,144.8684660,120.4907755
21.4022300,0.6488707,161.4813934,144.0047579,119.4567545
21.4331460,0.5782707,162.2643717,144.8619637,120.0959810
21.4650600,0.4754009,161.1790176,144.0333733,119.3077186
21.4989680,0.3649853,162.3698049,145.5460560,120.6123834
21.5278900,0.2800664,161.8403620,144.8138979,119.7565306
21.5608010,0.2060071,161.7804378,144.5890903,120.2163133
21.6086720,0.1128490,161.9226848,144.6108751,119.8548853
21.6435780,0.0023019,161.8085397,144.4806149,120.1181896
21.6715020,-0.1145213,162.1930119,144.7045187,120.3786326
21.7054100,-0.2239349,162.0276356,144.5622654,120.0810304
21.7383220,-0.3171034,162.0305722,144.7588386,120.3465414
21.7702360,-0.3829322,162.2699555,144.9391915,120.0928400
21.8051420,-0.4099238,162.7457483,145.1496599,120.8719388
21.8330660,-0.4116966,162.2348706,144.4964855,120.2064118
21.8669740,-0.4168331,162.2729287,144.6986021,120.0100580
21.8968940,-0.4263428,162.4793445,144.8564356,120.4914647
21.9289140,-0.4231208,161.8826139,145.0605699,120.3780925
21.9628220,-0.4006406,162.2652852,145.0553177,120.2534681
22.0106920,-0.3653596,162.3052721,145.0146259,120.2374150
22.0416100,-0.3343453,162.0269244,144.6984812,119.6423887
22.0745210,-0.3167961,162.1751887,145.0214482,120.5688058
22.1054370,-0.3085618,162.1573206,144.7341060,119.8883586
22.1373510,-0.3037928,161.9200820,145.1026298,119.5976776
22.1722570,-0.2983940,162.0165432,144.7420300,119.7263484
22.2031730,-0.2931748,162.1770351,144.9979434,120.5641817
22.2350870,-0.2848027,162.6614319,144.9214792,120.5638298
22.2650060,-0.2643381,162.6159657,145.2382833,120.3272103
22.2989150,-0.2271590,162.2814815,145.1257537,120.1712317
22.3298320,-0.1637371,162.7921494,145.9332526,121.0951063
22.3617450,-0.0604892,163.2017723,145.9212679,121.0294819
22.4096160,0.0517886,162.9473414,145.0131646,120.5123953
22.4425270,0.1244975,162.6004060,145.4283539,120.6085265
22.4724460,0.1340753,161.8406395,144.2513323,119.7043149
22.5063550,0.0801669,162.8280374,145.2378929,120.5486831
22.5402630,-0.0029944,162.1062415,144.7213506,119.6630286
22.5701830,-0.0834986,162.6606297,145.2755586,120.6775559
22.6030930,-0.1514048,162.1793231,144.6226637,120.0739182
22.6330130,-0.1915810,163.3267918,145.7790102,120.8578498
22.6659240,-0.1833173,163.0405728,145.2260484,120.8581657
22.7038220,-0.1420357,162.3938053,145.1897549,120.3852961
22.7297520,-0.0796526,163.2228968,145.9819601,121.1311362
22.7626630,0.0118755,162.9586960,145.5698925,120.7743642
22.8095360,0.1049249,162.5946038,145.3789241,120.4949941
22.8425800,0.1653995,163.0762463,145.2194238,120.9689495
22.8753580,0.1801288,162.4210975,145.0327198,120.0904908
22.9093020,0.1463768,161.9665308,144.8520217,119.9587156
22.9391860,0.0814682,162.4336647,145.2787110,120.5725060
22.9711000,0.0256480,163.1710185,145.6736988,120.8422964
23.0010190,0.0053420,163.0698586,145.5823820,121.5505197
23.0339300,0.0114210,162.8656133,145.4357798,121.6287802
23.0668420,0.0276649,162.9957541,145.5630095,121.5546875
23.0977620,0.0438014,162.5942945,145.2903997,120.8992142
23.1316750,0.0597572,162.7171254,145.8820931,121.1264016
23.1615940,0.0676053,162.5024698,144.7673309,120.4644865
23.2094650,0.0601931,163.0728254,146.0512475,120.8745786
23.2433740,0.0537772,162.1512179,145.1728687,120.4563599
23.2722950,0.0504465,162.8026762,145.8119919,121.3582317
23.3052060,0.0421342,162.6991031,145.1335251,120.1044170
23.3391150,0.0127193,163.0887746,144.9895458,120.4167952
23.3690340,-0.0323808,163.3110396,145.7086014,120.9199120
23.4019450,-0.0650211,163.2170477,145.2493275,121.1486214
23.4368510,-0.1001850,162.9661392,144.6993364,120.2263059
23.4657730,-0.1567201,162.4977732,144.9984584,120.5472765
23.4986840,-0.2242018,162.5609007,144.6066189,119.9370522
23.5296010,-0.2873295,163.3618967,145.0333616,121.0536833
23.5615150,-0.3200367,162.8273649,145.2871622,120.7138514
23.6113800,-0.3161244,162.3483070,144.7131189,119.7988770
23.6452890,-0.3011326,162.3962392,144.7370828,120.4365577
23.6732130,-0.2838863,162.4884275,144.8352621,120.1392103
23.7081190,-0.2516655,163.0118124,145.1085049,120.3791765
23.7370410,-0.2073236,162.7299915,144.5191164,120.1527613
23.7699520,-0.1655180,162.7372622,144.9429348,120.2727582
23.8038600,-0.1254286,162.6731268,144.7106766,120.3651151
23.8347770,-0.0710507,163.7403830,145.5545972,120.9777471
23.8667070,0.0128090,163.8032560,145.2824732,120.5736058
23.8976240,0.1021425,163.1131815,144.7560386,119.6556246
23.9295370,0.1687000,163.0735420,145.3246109,119.9396272
23.9644440,0.2046118,162.1454329,144.3658786,119.3129784
24.0123300,0.1966747,162.8749783,144.7837697,119.9646263
24.0432460,0.1526478,162.5948007,144.4811092,120.0136915
24.0751590,0.0866550,162.2064871,144.4220135,119.3631691
24.1050790,0.0216861,162.4947164,145.0935188,120.5066925
24.1370250,0.0232231,164.0437943,146.5494681,122.0063830
24.1709330,0.1322940,163.3223649,146.1340841,121.0357206
24.2008520,0.3068371,163.0213436,146.1256123,120.9394682
24.2347610,0.4980556,163.6298609,146.7019265,121.1853371
24.2656770,0.6591145,162.1024339,145.2209771,120.3069515
24.2985880,0.7476986,163.6707469,146.6090119,121.6054639
24.3334940,0.7599261,161.7906073,145.0790960,120.1117585
24.3614190,0.6885394,162.3580376,145.8025400,120.7870564
24.4092900,0.5570180,162.7568856,145.7454096,120.2588277
24.4422010,0.3915888,162.3920184,145.0738125,120.1029490
24.4741460,0.2094345,162.7633031,146.1012636,121.0530343
24.5060280,0.0615167,163.4648112,146.1017550,121.5640844
24.5409350,-0.0238470,163.5868013,146.3832492,121.3491207
24.5688590,-0.0503680,163.7190912,146.4235646,121.7847834
24.5987780,-0.0485246,162.7346188,145.6624014,120.6718668
24.6336840,-0.0560070,163.5671954,146.0414851,121.5985707
24.6646000,-0.0732720,163.2577629,146.0464008,120.8278052
24.7044930,-0.0944761,163.0978203,145.8773702,120.9353181
24.7294260,-0.1300071,163.1626273,145.6761503,120.5207236
24.7633340,-0.1733861,163.9000700,146.2303115,121.4184459
24.8092100,-0.2064127,163.4551953,145.9051604,121.1311018
24.8411230,-0.2175234,163.5422078,146.6120984,121.1580656
24.8750320,-0.2118904,163.1312318,145.6386843,120.3006682
24.9089410,-0.2322745,162.0961370,145.1366894,119.6561790
24.9378630,-0.2932383,162.9259132,145.7949690,120.7994487
24.9707730,-0.3419295,163.7100469,146.4030887,121.9517612
25.0016900,-0.3342555,163.6854641,146.4852890,121.1077058
25.0346380,-0.2548949,164.4884283,147.4051813,122.9122625
25.0646080,-0.1053230,164.1832635,147.1598532,122.2599581
25.0975190,0.0505019,163.7745536,145.8676168,121.2403846
25.1284360,0.1434937,163.2531689,146.5959233,121.9229188
25.1603500,0.1845735,163.6499914,146.7097824,121.5554223
25.2082210,0.1960175,163.8624893,146.4662661,121.6446352
25.2411320,0.1728030,164.0671821,146.4027491,122.1730241
25.2760370,0.1299748,164.3825072,146.9962781,122.1940450
25.3039620,0.0938728,164.1284674,146.7668169,121.6633148
25.3388680,0.0576785,164.0074757,146.3751739,121.3732615
25.3667920,-0.0026039,163.7472943,146.1319361,121.3590448
25.3977090,-0.0955383,163.2128739,145.8794822,121.1269897
25.4326150,-0.2016442,163.3150992,146.4346851,120.9679034
25.4665290,-0.2836118,163.1994479,146.4347826,121.7011732
25.4974400,-0.3305270,163.2935445,146.1811380,120.9685053
25.5283560,-0.3653234,163.1208960,145.6903215,120.5943912
25.5602700,-0.3946811,163.1346154,146.3606643,121.0664336
25.6083960,-0.3953834,163.6112637,146.3025412,121.3868475
25.6413070,-0.3556490,163.5454076,146.5583075,121.2000344
25.6722240,-0.2873510,163.5507619,146.2359185,121.0080466
25.7091240,-0.2320741,162.8090140,145.2940770,120.5322051
25.7360510,-0.1977892,164.3525230,147.0289579,121.8446333
25.7679650,-0.1440810,163.2196492,146.1563085,120.3485442
25.8009500,-0.0798610,163.5445763,146.2528814,121.3554237
25.8318660,-0.0045544,164.5359010,147.4459742,122.3185779
25.8657740,0.1039283,163.8365946,146.6903536,121.0913148
25.8976890,0.2163452,164.2430580,146.8954306,121.7488576
25.9286050,0.3055010,164.3239930,146.8320490,121.1472855
25.9635100,0.3475474,163.5956162,145.9471867,121.0555747
26.0083900,0.3241361,164.1163152,146.5430349,121.0865883
26.0403030,0.2538888,163.4863191,146.0545517,121.0635003
26.0762060,0.1722295,164.2005900,147.0595176,121.6094048
26.1041310,0.1055923,164.1591566,146.2210508,121.3157626
26.1380770,0.0420253,163.9266356,146.2045572,121.1292940
26.1689930,-0.0202622,163.4450503,146.6600784,121.5774408
26.1999090,-0.0760565,163.3033135,145.6297366,121.0334749
26.2338180,-0.1392120,163.8279314,146.2435092,121.5167147
26.2637370,-0.2051179,163.2718430,145.6189420,121.0581911
26.2976450,-0.2789860,162.8980936,145.3379549,120.3334489
26.3315540,-0.3641808,162.9539394,145.4763636,120.8145455
26.3594780,-0.4197783,163.7532979,146.4082577,120.7676889
26.4083470,-0.4111790,163.3250475,145.8884861,120.2563439
26.4422550,-0.3529205,163.6503279,146.0811184,121.1113221
26.4721740,-0.2606642,163.7182737,146.3526289,121.5088200
26.5050850,-0.1346210,163.9214760,146.5309549,121.2658272
26.5419860,0.0197709,164.3860281,146.8722966,121.7940268
26.5699100,0.1700804,163.5436809,145.8525552,121.2646754
26.6018240,0.2628539,163.3348214,145.8567995,121.2773008
26.6317440,0.2782211,162.9168262,145.5682965,120.2966765
26.6636580,0.2420635,163.6243986,146.2458763,121.4372852
26.7015550,0.1961231,163.6264190,146.1621947,121.7242862
26.7284820,0.1539676,163.0419677,145.8904369,120.5266598
26.7623910,0.1225515,163.8508726,146.6780715,121.2712977
26.8102610,0.1161505,163.3553334,146.0873686,121.3682578
26.8401810,0.1255085,163.6069831,146.4597523,121.2961816
26.8720940,0.1483335,164.1560357,146.5943073,121.3446502
26.9052680,0.1908960,164.0829051,146.7504282,121.9210346
26.9371820,0.2521952,163.9034736,147.0366556,121.8474428
26.9710900,0.3187576,164.0894239,146.5986242,121.6161651
27.0000120,0.3640065,164.2940976,146.6953258,121.3546571
27.0329230,0.3754585,163.9915181,146.5824823,121.7244244
27.0668320,0.3445473,162.9198696,146.1226836,120.7970144
27.0967510,0.2545443,163.3268402,145.7100500,120.8276159
27.1286650,0.1138296,163.5733729,146.0366428,120.9439888
27.1605790,-0.0463475,163.5571625,145.6738981,120.8424587
27.2079570,-0.1971449,163.6126578,146.1329760,120.9145772
27.2418660,-0.2988366,164.0966908,146.6392623,121.4970700
27.2757740,-0.3293456,163.9836777,146.3142907,121.4438271
27.3046960,-0.3077783,163.9068131,146.4079286,121.5656427
27.3386050,-0.2601731,163.6928645,146.1714926,121.1342640
27.3695220,-0.1924389,164.3909788,146.9129223,121.1642285
27.4004380,-0.1048999,164.0123307,146.3777353,121.0453282
27.4363410,-0.0206057,164.1870017,146.4755633,121.3391681
27.4652630,0.0251724,162.9202338,145.5989342,120.0708269
27.4991710,0.0347016,164.6796807,147.0376540,121.7246226
27.5280930,0.0265702,163.1895391,145.4246504,120.9022959
27.5600070,-0.0090998,163.7014643,146.3848407,121.3124892
27.6081450,-0.0598066,163.8163265,145.9662151,120.7220031
27.6440480,-0.1213540,162.8544293,145.3940597,120.2642031
27.6719730,-0.1855258,163.7818722,146.6526371,121.3553964
27.7088730,-0.2123372,163.5456414,146.0532625,121.1430039
27.7397890,-0.2177839,163.3761578,145.4962264,120.4646655
27.7687120,-0.2280506,163.7947224,146.0508910,121.3365319
27.8036170,-0.2116960,164.2970314,146.6822731,121.6016964
27.8315420,-0.1605003,162.7831408,145.6385106,119.9108774
27.8664480,-0.1141335,163.7409680,145.9025222,120.0115883
27.8963660,-0.0851738,163.1521513,145.8563498,120.5371270
27.9292770,-0.0533639,163.6611500,146.4231360,120.5321617
27.9641830,0.0068410,164.3873005,146.7379407,120.9321172
28.0080650,0.0842098,163.5762568,145.8141984,121.0591033
28.0379840,0.1353296,163.3966999,146.0001719,120.8922310
28.0738870,0.1531778,163.4009177,146.1018015,121.0545547
28.1038070,0.1489926,163.4257442,145.8338972,120.7953315
28.1377150,0.1367287,163.8445946,146.5770270,121.3212838
28.1716230,0.1435096,164.0168224,146.5169074,120.9403568
28.1995480,0.1630791,163.4019179,146.0260767,121.1303836
28.2344530,0.1697064,163.4689897,146.2360787,121.1775592
28.2643730,0.1796100,164.6109797,147.0300676,122.0657095
28.2972840,0.2044596,163.3353597,146.0626478,120.3779129
28.3311930,0.2197972,164.5635935,146.5834455,122.2752355
28.3631070,0.2231927,163.8663156,146.5094276,121.3179888
28.4079850,0.2172663,164.2389663,146.2795771,121.9199530
28.4418940,0.2010556,164.3050357,146.7708404,121.7650561
28.4718130,0.1868958,164.5932722,146.5514781,121.3851512
28.5037270,0.1821647,164.6917434,147.0247356,121.9815763
28.5396300,0.1869234,163.9946781,146.6686695,121.5764807
28.5675540,0.1892556,164.0472427,146.7687683,121.6043635
28.6024600,0.1815212,164.3051724,146.7850000,121.7684483
28.6323790,0.1746764,164.0595425,147.2392177,122.2730924
28.6652900,0.1953082,165.2842014,147.8902778,122.2614583
28.6982130,0.2222572,163.0179831,146.0324401,121.1539140
28.7281320,0.2070649,164.7980028,147.3396987,122.7897687
28.7620410,0.1876276,165.0480085,147.9653272,122.9818634
28.8079170,0.2097788,164.9177474,147.8315864,123.0003553
28.8398300,0.2430583,164.5335106,147.2459220,122.6750000
28.8747360,0.2485766,164.8811794,147.4814619,122.4267302
28.9076470,0.2263111,165.4119731,147.5928091,123.1865037
28.9365690,0.1811898,164.7101017,147.1813399,122.3945984
28.9684830,0.1196141,165.3797220,147.9203493,122.5106914
29.0003970,0.0381577,163.9546959,146.3545914,120.8653075
29.0323110,-0.0834568,164.7794663,147.1512635,121.4995582
29.0662190,-0.2266314,163.9698997,146.7227601,121.2867453
29.0961380,-0.3776547,163.8844622,146.1983371,121.2163520
29.1300470,-0.5358123,164.2433322,146.4963630,121.4250087
29.1599660,-0.6744117,163.8965928,146.3471891,121.2439523
29.2069210,-0.7647401,164.4894348,146.8359388,121.8048445
29.2408300,-0.8081444,163.3511134,145.7324357,120.8638011
29.2767320,-0.8943575,161.6164148,142.9912431,117.3528503
29.3036600,-1.1177570,162.1985729,142.8487644,117.4075879
29.3395630,-1.4246153,162.0025515,143.6138799,117.3459772
29.3684850,-1.7028470,162.1436483,142.9080997,117.5072690
29.4003990,-1.9136855,161.8727116,142.4620035,116.8727116
29.4353050,-2.0241344,162.7307226,143.5544966,117.9665569
29.4662210,-1.9683760,162.6785775,144.0133356,118.3398872
29.4991320,-1.7079209,163.6117266,145.0860747,119.1666951
29.5280540,-1.2552401,164.4149612,145.2245942,119.1834862
29.5579730,-0.6792466,164.5843860,145.1771930,120.0108772
29.6078380,-0.1027858,163.4676660,143.7538783,119.4683633
29.7354990,0.3730882,164.2356150,144.5639627,120.9832835
29.7424800,0.7109933,162.8958001,143.2993089,120.4253057
29.7524530,0.8862807,163.2596926,143.2296542,120.5981488
